"Tab id","Referer","Timestamp","Event","Element Id","X Path","Which","Extra Info"
"279","-","1626721719290","pageview","-","-","-","https://www.pucrs.br/|1440x3573"
"279","-","1626721719294","mouseover","-","/html/1/body/2/header/5/section/1/section/1/div/3/a/1/strong/1","1","-"
"279","-","1626721719294","mouseenter","-","/html/1/body/2/header/5/section/1/section/1/div/3/a/1/strong/1","1","-"
"279","-","1626721719302","mouseout","-","/html/1/body/2/header/5/section/1/section/1/div/3/a/1/strong/1","1",""
"279","-","1626721719302","mouseleave","-","/html/1/body/2/header/5/section/1/section/1/div/3/a/1/strong/1","1","-"
"279","-","1626721719302","mouseover","-","/html/1/body/2/header/5/section/1/section/1/div/3/a/1","1","-"
"279","-","1626721719302","mouseenter","-","/html/1/body/2/header/5/section/1/section/1/div/3/a/1","1","-"
"279","-","1626721719302","mousemove","-","/html/1/body/2/header/5/section/1/section/1/div/3/a/1","1","1303x32|1303x170"
"279","-","1626721719318","mouseout","-","/html/1/body/2/header/5/section/1/section/1/div/3/a/1","1",""
"279","-","1626721719319","mouseleave","-","/html/1/body/2/header/5/section/1/section/1/div/3/a/1","1","-"
"279","-","1626721719319","mouseover","-","/html/1/body/2/header/5/section/1/section/1/div/3/div/3","1","-"
"279","-","1626721719319","mouseenter","-","/html/1/body/2/header/5/section/1/section/1/div/3/div/3","1","-"
"279","-","1626721719319","mousemove","-","/html/1/body/2/header/5/section/1/section/1/div/3/div/3","1","1308x43|1308x181"
"279","-","1626721719350","DOMNodeInserted","-","/html/1/head/0/link/97","-","-"
"279","-","1626721719351","mouseout","-","/html/1/body/2/header/5/section/1/section/1/div/3/div/3","1",""
"279","-","1626721719351","mouseleave","-","/html/1/body/2/header/5/section/1/section/1/div/3/div/3","1","-"
"279","-","1626721719351","mouseover","-","/html/1/body/2/header/5/section/1/section/1/div/3/div/3/ul/5/li/1/a/0","1","-"
"279","-","1626721719351","mouseenter","-","/html/1/body/2/header/5/section/1/section/1/div/3/div/3/ul/5/li/1/a/0","1","-"
"279","-","1626721719351","mousemove","-","/html/1/body/2/header/5/section/1/section/1/div/3/div/3/ul/5/li/1/a/0","1","1312x63|1312x201"
"279","-","1626721719368","mouseout","-","/html/1/body/2/header/5/section/1/section/1/div/3/div/3/ul/5/li/1/a/0","1",""
"279","-","1626721719368","mouseleave","-","/html/1/body/2/header/5/section/1/section/1/div/3/div/3/ul/5/li/1/a/0","1","-"
"279","-","1626721719368","mouseover","-","/html/1/body/2/header/5/section/1/section/1/div/3/div/3/ul/5/li/3/a/0","1","-"
"279","-","1626721719368","mouseenter","-","/html/1/body/2/header/5/section/1/section/1/div/3/div/3/ul/5/li/3/a/0","1","-"
"279","-","1626721719368","mousemove","-","/html/1/body/2/header/5/section/1/section/1/div/3/div/3/ul/5/li/3/a/0","1","1308x122|1308x260"
"279","-","1626721719385","mouseout","-","/html/1/body/2/header/5/section/1/section/1/div/3/div/3/ul/5/li/3/a/0","1",""
"279","-","1626721719385","mouseleave","-","/html/1/body/2/header/5/section/1/section/1/div/3/div/3/ul/5/li/3/a/0","1","-"
"279","-","1626721719385","mouseover","-","/html/1/body/2/header/5/section/1/section/1/div/3/div/3/ul/5/li/5/a/0","1","-"
"279","-","1626721719385","mouseenter","-","/html/1/body/2/header/5/section/1/section/1/div/3/div/3/ul/5/li/5/a/0","1","-"
"279","-","1626721719386","mousemove","-","/html/1/body/2/header/5/section/1/section/1/div/3/div/3/ul/5/li/5/a/0","1","1299x142|1299x280"
"279","-","1626721719401","mouseout","-","/html/1/body/2/header/5/section/1/section/1/div/3/div/3/ul/5/li/5/a/0","1",""
"279","-","1626721719402","mouseleave","-","/html/1/body/2/header/5/section/1/section/1/div/3/div/3/ul/5/li/5/a/0","1","-"
"279","-","1626721719402","mouseover","-","/html/1/body/2/header/5/section/1/section/1/div/3/div/3/ul/5/li/7/a/0","1","-"
"279","-","1626721719402","mouseenter","-","/html/1/body/2/header/5/section/1/section/1/div/3/div/3/ul/5/li/7/a/0","1","-"
"279","-","1626721719402","mousemove","-","/html/1/body/2/header/5/section/1/section/1/div/3/div/3/ul/5/li/7/a/0","1","1271x179|1271x317"
"279","-","1626721719417","mousemove","-","/html/1/body/2/header/5/section/1/section/1/div/3/div/3/ul/5/li/7/a/0","1","1262x187|1262x325"
"279","-","1626721719435","mouseout","-","/html/1/body/2/header/5/section/1/section/1/div/3/div/3/ul/5/li/7/a/0","1",""
"279","-","1626721719435","mouseleave","-","/html/1/body/2/header/5/section/1/section/1/div/3/div/3/ul/5/li/7/a/0","1","-"
"279","-","1626721719435","mouseover","-","/html/1/body/2/header/5/section/1/section/1/div/3/div/3/ul/5/li/9/a/0","1","-"
"279","-","1626721719435","mouseenter","-","/html/1/body/2/header/5/section/1/section/1/div/3/div/3/ul/5/li/9/a/0","1","-"
"279","-","1626721719435","mousemove","-","/html/1/body/2/header/5/section/1/section/1/div/3/div/3/ul/5/li/9/a/0","1","1230x219|1230x357"
"279","-","1626721719451","mousemove","-","/html/1/body/2/header/5/section/1/section/1/div/3/div/3/ul/5/li/9/a/0","1","1214x233|1214x371"
"279","-","1626721719467","mousemove","-","/html/1/body/2/header/5/section/1/section/1/div/3/div/3/ul/5/li/9/a/0","1","1209x238|1209x376"
"279","-","1626721719485","mouseout","-","/html/1/body/2/header/5/section/1/section/1/div/3/div/3/ul/5/li/9/a/0","1",""
"279","-","1626721719485","mouseleave","-","/html/1/body/2/header/5/section/1/section/1/div/3/div/3/ul/5/li/9/a/0","1","-"
"279","-","1626721719486","mouseover","sombra","/html/1/body/2/div/3","1","-"
"279","-","1626721719486","mouseenter","sombra","/html/1/body/2/div/3","1","-"
"279","-","1626721719486","mousemove","sombra","/html/1/body/2/div/3","1","1188x258|1188x396"
"279","-","1626721719486","mouseout","sombra","/html/1/body/2/div/3","1",""
"279","-","1626721719486","mouseleave","sombra","/html/1/body/2/div/3","1","-"
"279","-","1626721719486","mouseover","-","/html/1/body/2/div/11/section/1/section/2/div/0/div/1/div/1","1","-"
"279","-","1626721719487","mouseenter","-","/html/1/body/2/div/11/section/1/section/2/div/0/div/1/div/1","1","-"
"279","-","1626721719501","mousemove","-","/html/1/body/2/div/11/section/1/section/2/div/0/div/1/div/1","1","1175x270|1175x408"
"279","-","1626721719518","mousemove","-","/html/1/body/2/div/11/section/1/section/2/div/0/div/1/div/1","1","1170x275|1170x413"
"279","-","1626721719534","mousemove","-","/html/1/body/2/div/11/section/1/section/2/div/0/div/1/div/1","1","1162x280|1162x418"
"279","-","1626721719551","mousemove","-","/html/1/body/2/div/11/section/1/section/2/div/0/div/1/div/1","1","1159x283|1159x421"
"279","-","1626721719567","mousemove","-","/html/1/body/2/div/11/section/1/section/2/div/0/div/1/div/1","1","1153x286|1153x424"
"279","-","1626721719584","mousemove","-","/html/1/body/2/div/11/section/1/section/2/div/0/div/1/div/1","1","1150x288|1150x426"
"279","-","1626721719601","mousemove","-","/html/1/body/2/div/11/section/1/section/2/div/0/div/1/div/1","1","1148x288|1148x426"
"279","-","1626721719618","mousemove","-","/html/1/body/2/div/11/section/1/section/2/div/0/div/1/div/1","1","1144x290|1144x428"
"279","-","1626721719634","mousemove","-","/html/1/body/2/div/11/section/1/section/2/div/0/div/1/div/1","1","1141x290|1141x428"
"279","-","1626721719650","mousemove","-","/html/1/body/2/div/11/section/1/section/2/div/0/div/1/div/1","1","1140x290|1140x428"
"279","-","1626721719667","mousemove","-","/html/1/body/2/div/11/section/1/section/2/div/0/div/1/div/1","1","1140x290|1140x428"
"279","-","1626721719684","mousemove","-","/html/1/body/2/div/11/section/1/section/2/div/0/div/1/div/1","1","1138x290|1138x428"
"279","-","1626721719701","mousemove","-","/html/1/body/2/div/11/section/1/section/2/div/0/div/1/div/1","1","1137x290|1137x428"
"279","-","1626721719718","mousemove","-","/html/1/body/2/div/11/section/1/section/2/div/0/div/1/div/1","1","1136x290|1136x428"
"279","-","1626721719734","mousemove","-","/html/1/body/2/div/11/section/1/section/2/div/0/div/1/div/1","1","1133x289|1133x427"
"279","-","1626721719751","mousemove","-","/html/1/body/2/div/11/section/1/section/2/div/0/div/1/div/1","1","1132x288|1132x426"
"279","-","1626721719767","mousemove","-","/html/1/body/2/div/11/section/1/section/2/div/0/div/1/div/1","1","1132x288|1132x426"
"279","-","1626721719785","mousemove","-","/html/1/body/2/div/11/section/1/section/2/div/0/div/1/div/1","1","1131x288|1131x426"
"279","-","1626721719801","mousemove","-","/html/1/body/2/div/11/section/1/section/2/div/0/div/1/div/1","1","1130x288|1130x426"
"279","-","1626721719817","mousemove","-","/html/1/body/2/div/11/section/1/section/2/div/0/div/1/div/1","1","1130x288|1130x426"
"279","-","1626721719858","mousemove","-","/html/1/body/2/div/11/section/1/section/2/div/0/div/1/div/1","1","1130x288|1130x426"
"279","-","1626721719880","mousemove","-","/html/1/body/2/div/11/section/1/section/2/div/0/div/1/div/1","1","1130x287|1130x425"
"279","-","1626721719903","mousemove","-","/html/1/body/2/div/11/section/1/section/2/div/0/div/1/div/1","1","1130x287|1130x425"
"279","-","1626721719925","mousemove","-","/html/1/body/2/div/11/section/1/section/2/div/0/div/1/div/1","1","1130x287|1130x425"
"279","-","1626721719949","mousemove","-","/html/1/body/2/div/11/section/1/section/2/div/0/div/1/div/1","1","1130x286|1130x424"
"279","-","1626721720020","mousemove","-","/html/1/body/2/div/11/section/1/section/2/div/0/div/1/div/1","1","1130x286|1130x424"
"279","-","1626721720034","mousemove","-","/html/1/body/2/div/11/section/1/section/2/div/0/div/1/div/1","1","1130x286|1130x424"
"279","-","1626721720366","mousemove","-","/html/1/body/2/div/11/section/1/section/2/div/0/div/1/div/1","1","1131x281|1131x419"
"279","-","1626721720383","mousemove","-","/html/1/body/2/div/11/section/1/section/2/div/0/div/1/div/1","1","1137x272|1137x410"
"279","-","1626721720401","mousemove","-","/html/1/body/2/div/11/section/1/section/2/div/0/div/1/div/1","1","1146x256|1146x394"
"279","-","1626721720417","mousemove","-","/html/1/body/2/div/11/section/1/section/2/div/0/div/1/div/1","1","1150x248|1150x386"
"279","-","1626721720434","mousemove","-","/html/1/body/2/div/11/section/1/section/2/div/0/div/1/div/1","1","1160x232|1160x370"
"279","-","1626721720451","mousemove","-","/html/1/body/2/div/11/section/1/section/2/div/0/div/1/div/1","1","1164x224|1164x362"
"279","-","1626721720467","mousemove","-","/html/1/body/2/div/11/section/1/section/2/div/0/div/1/div/1","1","1182x193|1182x331"
"279","-","1626721720485","mouseout","-","/html/1/body/2/div/11/section/1/section/2/div/0/div/1/div/1","1",""
"279","-","1626721720485","mouseleave","-","/html/1/body/2/div/11/section/1/section/2/div/0/div/1/div/1","1","-"
"279","-","1626721720485","mouseover","-","/html/1/body/2/header/5/section/3","1","-"
"279","-","1626721720485","mouseenter","-","/html/1/body/2/header/5/section/3","1","-"
"279","-","1626721720485","mousemove","-","/html/1/body/2/header/5/section/3","1","1190x180|1190x318"
"279","-","1626721720500","mousemove","-","/html/1/body/2/header/5/section/3","1","1198x167|1198x305"
"279","-","1626721720517","mouseout","-","/html/1/body/2/header/5/section/3","1",""
"279","-","1626721720517","mouseleave","-","/html/1/body/2/header/5/section/3","1","-"
"279","-","1626721720517","mouseover","-","/html/1/body/2/header/5/section/3/nav/11/ul/1/li/11/a/0","1","-"
"279","-","1626721720518","mouseenter","-","/html/1/body/2/header/5/section/3/nav/11/ul/1/li/11/a/0","1","-"
"279","-","1626721720518","mousemove","-","/html/1/body/2/header/5/section/3/nav/11/ul/1/li/11/a/0","1","1214x143|1214x281"
"279","-","1626721720534","mousemove","-","/html/1/body/2/header/5/section/3/nav/11/ul/1/li/11/a/0","1","1222x132|1222x270"
"279","-","1626721720551","mouseout","-","/html/1/body/2/header/5/section/3/nav/11/ul/1/li/11/a/0","1",""
"279","-","1626721720551","mouseleave","-","/html/1/body/2/header/5/section/3/nav/11/ul/1/li/11/a/0","1","-"
"279","-","1626721720552","mouseover","-","/html/1/body/2/header/5/section/3","1","-"
"279","-","1626721720552","mouseenter","-","/html/1/body/2/header/5/section/3","1","-"
"279","-","1626721720552","mousemove","-","/html/1/body/2/header/5/section/3","1","1229x118|1229x256"
"279","-","1626721720567","mousemove","-","/html/1/body/2/header/5/section/3","1","1233x110|1233x248"
"279","-","1626721720584","mouseout","-","/html/1/body/2/header/5/section/3","1",""
"279","-","1626721720584","mouseleave","-","/html/1/body/2/header/5/section/3","1","-"
"279","-","1626721720584","mouseover","s","/html/1/body/2/header/5/section/3/div/7/div/3/form/1/input/1","1","-"
"279","-","1626721720584","mouseenter","s","/html/1/body/2/header/5/section/3/div/7/div/3/form/1/input/1","1","-"
"279","-","1626721720584","mousemove","s","/html/1/body/2/header/5/section/3/div/7/div/3/form/1/input/1","1","1237x100|1237x238"
"279","-","1626721720600","mousemove","s","/html/1/body/2/header/5/section/3/div/7/div/3/form/1/input/1","1","1239x95|1239x233"
"279","-","1626721720617","mousemove","s","/html/1/body/2/header/5/section/3/div/7/div/3/form/1/input/1","1","1241x83|1241x221"
"279","-","1626721720634","mousemove","s","/html/1/body/2/header/5/section/3/div/7/div/3/form/1/input/1","1","1241x82|1241x220"
"279","-","1626721720651","mousemove","s","/html/1/body/2/header/5/section/3/div/7/div/3/form/1/input/1","1","1242x74|1242x212"
"279","-","1626721720667","mousemove","s","/html/1/body/2/header/5/section/3/div/7/div/3/form/1/input/1","1","1242x71|1242x209"
"279","-","1626721720684","mousemove","s","/html/1/body/2/header/5/section/3/div/7/div/3/form/1/input/1","1","1243x68|1243x206"
"279","-","1626721720701","mousemove","s","/html/1/body/2/header/5/section/3/div/7/div/3/form/1/input/1","1","1246x61|1246x199"
"279","-","1626721720717","mouseout","s","/html/1/body/2/header/5/section/3/div/7/div/3/form/1/input/1","1",""
"279","-","1626721720717","mouseleave","s","/html/1/body/2/header/5/section/3/div/7/div/3/form/1/input/1","1","-"
"279","-","1626721720717","mouseover","-","/html/1/body/2/header/5/section/3","1","-"
"279","-","1626721720717","mouseenter","-","/html/1/body/2/header/5/section/3","1","-"
"279","-","1626721720718","mousemove","-","/html/1/body/2/header/5/section/3","1","1248x58|1248x196"
"279","-","1626721720734","mousemove","-","/html/1/body/2/header/5/section/3","1","1251x51|1251x189"
"279","-","1626721720751","mousemove","-","/html/1/body/2/header/5/section/3","1","1256x44|1256x182"
"279","-","1626721720768","mousemove","-","/html/1/body/2/header/5/section/3","1","1258x41|1258x179"
"279","-","1626721720784","mouseout","-","/html/1/body/2/header/5/section/3","1",""
"279","-","1626721720784","mouseleave","-","/html/1/body/2/header/5/section/3","1","-"
"279","-","1626721720785","mouseover","-","/html/1/body/2/header/5/section/1/section/1/div/3/a/1","1","-"
"279","-","1626721720785","mouseenter","-","/html/1/body/2/header/5/section/1/section/1/div/3/a/1","1","-"
"279","-","1626721720786","mousemove","-","/html/1/body/2/header/5/section/1/section/1/div/3/a/1","1","1262x34|1262x172"
"279","-","1626721720800","mousemove","-","/html/1/body/2/header/5/section/1/section/1/div/3/a/1","1","1263x32|1263x170"
"279","-","1626721720818","mouseout","-","/html/1/body/2/header/5/section/1/section/1/div/3/a/1","1",""
"279","-","1626721720818","mouseleave","-","/html/1/body/2/header/5/section/1/section/1/div/3/a/1","1","-"
"279","-","1626721720819","mouseover","-","/html/1/body/2/header/5/section/1/section/1/div/3/a/1/strong/1","1","-"
"279","-","1626721720819","mouseenter","-","/html/1/body/2/header/5/section/1/section/1/div/3/a/1/strong/1","1","-"
"279","-","1626721720819","mousemove","-","/html/1/body/2/header/5/section/1/section/1/div/3/a/1/strong/1","1","1265x30|1265x168"
"279","-","1626721720834","mousemove","-","/html/1/body/2/header/5/section/1/section/1/div/3/a/1/strong/1","1","1266x28|1266x166"
"279","-","1626721720851","mousemove","-","/html/1/body/2/header/5/section/1/section/1/div/3/a/1/strong/1","1","1267x25|1267x163"
"279","-","1626721720867","mousemove","-","/html/1/body/2/header/5/section/1/section/1/div/3/a/1/strong/1","1","1271x21|1271x159"
"279","-","1626721720884","mousemove","-","/html/1/body/2/header/5/section/1/section/1/div/3/a/1/strong/1","1","1272x20|1272x158"
"279","-","1626721720901","mousemove","-","/html/1/body/2/header/5/section/1/section/1/div/3/a/1/strong/1","1","1272x19|1272x157"
"279","-","1626721720918","mousemove","-","/html/1/body/2/header/5/section/1/section/1/div/3/a/1/strong/1","1","1272x19|1272x157"
"279","-","1626721721370","mousedown","-","/html/1/body/2/header/5/section/1/section/1/div/3/a/1/strong/1","1","-"
"279","-","1626721721372","focusin","-","/html/1/body/2/header/5/section/1/section/1/div/3/a/1","-","-"
"279","-","1626721721375","mouseup","-","/html/1/body/2/header/5/section/1/section/1/div/3/a/1/strong/1","1","-"
"279","-","1626721721385","click","-","/html/1/body/2/header/5/section/1/section/1/div/3/a/1/strong/1","1","1272x19|1272x157"
"8","-","1626721721418","pageview","-","-","-","https://github.com/mflash/datadriveninteraction|1296x1162"
"8","-","1626721721428","DOMNodeRemoved","-","/html/1/body/2/div/9/div/1/main/1/div/3/div/1/div/1/div/3/div/1/div/7/div/1/div/3/div/4/div/5/a/4/relative-time/1","-","-"
"8","-","1626721721428","DOMNodeInserted","-","/html/1/body/2/div/9/div/1/main/1/div/3/div/1/div/1/div/3/div/1/div/7/div/1/div/3/div/4/div/5/a/4/relative-time/1","-","-"
"8","-","1626721721429","DOMNodeRemoved","-","/html/1/body/2/div/9/div/1/main/1/div/3/div/1/div/1/div/3/div/1/div/7/div/10/div/1/div/3/div/7/time-ago/1","-","-"
"8","-","1626721721429","DOMNodeInserted","-","/html/1/body/2/div/9/div/1/main/1/div/3/div/1/div/1/div/3/div/1/div/7/div/10/div/1/div/3/div/7/time-ago/1","-","-"
"8","-","1626721721429","DOMNodeRemoved","-","/html/1/body/2/div/9/div/1/main/1/div/3/div/1/div/1/div/3/div/1/div/7/div/10/div/1/div/5/div/7/time-ago/1","-","-"
"8","-","1626721721430","DOMNodeInserted","-","/html/1/body/2/div/9/div/1/main/1/div/3/div/1/div/1/div/3/div/1/div/7/div/10/div/1/div/5/div/7/time-ago/1","-","-"
"8","-","1626721721430","DOMNodeRemoved","-","/html/1/body/2/div/9/div/1/main/1/div/3/div/1/div/1/div/3/div/1/div/7/div/10/div/1/div/7/div/7/time-ago/1","-","-"
"8","-","1626721721430","DOMNodeInserted","-","/html/1/body/2/div/9/div/1/main/1/div/3/div/1/div/1/div/3/div/1/div/7/div/10/div/1/div/7/div/7/time-ago/1","-","-"
"8","-","1626721721431","DOMNodeRemoved","-","/html/1/body/2/div/9/div/1/main/1/div/3/div/1/div/1/div/3/div/1/div/7/div/10/div/1/div/9/div/7/time-ago/1","-","-"
"8","-","1626721721431","DOMNodeInserted","-","/html/1/body/2/div/9/div/1/main/1/div/3/div/1/div/1/div/3/div/1/div/7/div/10/div/1/div/9/div/7/time-ago/1","-","-"
"279","-","1626721721618","mousemove","-","/html/1/body/2/header/5/section/1/section/1/div/3/a/1/strong/1","1","1269x19|1269x157"
"279","-","1626721721634","mousemove","-","/html/1/body/2/header/5/section/1/section/1/div/3/a/1/strong/1","1","1263x22|1263x160"
"279","-","1626721721651","mouseout","-","/html/1/body/2/header/5/section/1/section/1/div/3/a/1/strong/1","1",""
"279","-","1626721721651","mouseleave","-","/html/1/body/2/header/5/section/1/section/1/div/3/a/1/strong/1","1","-"
"279","-","1626721721652","mouseover","-","/html/1/body/2/header/5/section/1/section/1/div/3/a/1","1","-"
"279","-","1626721721653","mouseenter","-","/html/1/body/2/header/5/section/1/section/1/div/3/a/1","1","-"
"279","-","1626721721653","mousemove","-","/html/1/body/2/header/5/section/1/section/1/div/3/a/1","1","1254x26|1254x164"
"279","-","1626721721668","mousemove","-","/html/1/body/2/header/5/section/1/section/1/div/3/a/1","1","1248x27|1248x165"
"279","-","1626721721684","mousemove","-","/html/1/body/2/header/5/section/1/section/1/div/3/a/1","1","1242x29|1242x167"
"279","-","1626721721701","mousemove","-","/html/1/body/2/header/5/section/1/section/1/div/3/a/1","1","1225x34|1225x172"
"279","-","1626721721718","mousemove","-","/html/1/body/2/header/5/section/1/section/1/div/3/a/1","1","1209x39|1209x177"
"279","-","1626721721735","mouseout","-","/html/1/body/2/header/5/section/1/section/1/div/3/a/1","1",""
"279","-","1626721721735","mouseleave","-","/html/1/body/2/header/5/section/1/section/1/div/3/a/1","1","-"
"279","-","1626721721735","mouseover","-","/html/1/body/2/header/5/section/1/section/1/div/3/div/3","1","-"
"279","-","1626721721736","mouseenter","-","/html/1/body/2/header/5/section/1/section/1/div/3/div/3","1","-"
"279","-","1626721721736","mousemove","-","/html/1/body/2/header/5/section/1/section/1/div/3/div/3","1","1200x42|1200x180"
"279","-","1626721721750","mousemove","-","/html/1/body/2/header/5/section/1/section/1/div/3/div/3","1","1183x49|1183x187"
"279","-","1626721721768","mouseout","-","/html/1/body/2/header/5/section/1/section/1/div/3/div/3","1",""
"279","-","1626721721768","mouseleave","-","/html/1/body/2/header/5/section/1/section/1/div/3/div/3","1","-"
"279","-","1626721721768","mouseover","-","/html/1/body/2/header/5/section/1/section/1/div/3/div/3/ul/5/li/1/a/0","1","-"
"279","-","1626721721769","mouseenter","-","/html/1/body/2/header/5/section/1/section/1/div/3/div/3/ul/5/li/1/a/0","1","-"
"279","-","1626721721769","mousemove","-","/html/1/body/2/header/5/section/1/section/1/div/3/div/3/ul/5/li/1/a/0","1","1176x52|1176x190"
"279","-","1626721721784","mousemove","-","/html/1/body/2/header/5/section/1/section/1/div/3/div/3/ul/5/li/1/a/0","1","1166x57|1166x195"
"279","-","1626721721801","mousemove","-","/html/1/body/2/header/5/section/1/section/1/div/3/div/3/ul/5/li/1/a/0","1","1165x58|1165x196"
"279","-","1626721721817","mousemove","-","/html/1/body/2/header/5/section/1/section/1/div/3/div/3/ul/5/li/1/a/0","1","1157x60|1157x198"
"279","-","1626721721835","DOMNodeInserted","-","/html/1/head/0/link/98","-","-"
"279","-","1626721721851","mousemove","-","/html/1/body/2/header/5/section/1/section/1/div/3/div/3/ul/5/li/1/a/0","1","1150x63|1150x201"
"279","-","1626721721868","mousemove","-","/html/1/body/2/header/5/section/1/section/1/div/3/div/3/ul/5/li/1/a/0","1","1148x64|1148x202"
"279","-","1626721721884","mousemove","-","/html/1/body/2/header/5/section/1/section/1/div/3/div/3/ul/5/li/1/a/0","1","1144x65|1144x203"
"279","-","1626721721901","mousemove","-","/html/1/body/2/header/5/section/1/section/1/div/3/div/3/ul/5/li/1/a/0","1","1144x65|1144x203"
"279","-","1626721721918","mousemove","-","/html/1/body/2/header/5/section/1/section/1/div/3/div/3/ul/5/li/1/a/0","1","1141x65|1141x203"
"279","-","1626721721934","mousemove","-","/html/1/body/2/header/5/section/1/section/1/div/3/div/3/ul/5/li/1/a/0","1","1141x65|1141x203"
"279","-","1626721721951","mousemove","-","/html/1/body/2/header/5/section/1/section/1/div/3/div/3/ul/5/li/1/a/0","1","1139x65|1139x203"
"279","-","1626721721968","mousemove","-","/html/1/body/2/header/5/section/1/section/1/div/3/div/3/ul/5/li/1/a/0","1","1137x66|1137x204"
"279","-","1626721722342","mousedown","-","/html/1/body/2/header/5/section/1/section/1/div/3/div/3/ul/5/li/1/a/0","1","-"
"279","-","1626721722343","focusout","-","/html/1/body/2/header/5/section/1/section/1/div/3/a/1","-","-"
"279","-","1626721722346","focusin","-","/html/1/body/2/header/5/section/1/section/1/div/3/div/3/ul/5/li/1/a/0","-","-"
"279","-","1626721722349","mouseup","-","/html/1/body/2/header/5/section/1/section/1/div/3/div/3/ul/5/li/1/a/0","1","-"
"279","-","1626721722358","click","-","/html/1/body/2/header/5/section/1/section/1/div/3/div/3/ul/5/li/1/a/0","1","1137x66|1137x204"
"279","-","1626721722360","beforeunload","-","-","-","-"
"279","-","1626721722456","focusout","-","/html/1/body/2/header/5/section/1/section/1/div/3/div/3/ul/5/li/1/a/0","-","-"
"279","-","1626721722457","unload","-","-","-","-"
"279","https://www.pucrs.br/","1626721723287","pageview","-","-","-","https://www.pucrs.br/soupucrs-aluno/|1440x1954"
"279","https://www.pucrs.br/","1626721723289","DOMNodeInserted","-","/html/1/body/2/style/81","-","-"
"279","https://www.pucrs.br/","1626721723289","DOMNodeInserted","-","/html/1/body/2/div/82","-","-"
"279","https://www.pucrs.br/","1626721723292","DOMNodeInserted","-","/html/1/body/2/iframe/83","-","-"
"279","https://www.pucrs.br/","1626721723301","DOMNodeRemoved","-","/html/1/body/2/div/82","-","-"
"279","https://www.pucrs.br/","1626721723301","DOMNodeRemoved","-","/html/1/body/2/style/81","-","-"
"279","https://www.pucrs.br/","1626721723554","DOMNodeInserted","-","/html/1/body/2/div/15/section/1/div/1/div/12/div/4","-","-"
"279","https://www.pucrs.br/","1626721723554","DOMNodeInserted","-","/html/1/body/2/div/15/section/1/div/1/div/12/div/4","-","-"
"279","https://www.pucrs.br/","1626721723554","DOMNodeInserted","-","/html/1/body/2/div/15/section/1/div/1/div/12/div/2","-","-"
"279","https://www.pucrs.br/","1626721723554","DOMNodeInserted","-","/html/1/body/2/div/15/section/1/div/1/div/12/div/5","-","-"
"279","https://www.pucrs.br/","1626721723557","DOMNodeInserted","-","/html/1/body/2/div/15/section/1/div/1/div/3/div/1/div/0/div/1/ul/0/div/0","-","-"
"279","https://www.pucrs.br/","1626721723558","DOMNodeRemoved","-","/html/1/body/2/div/15/section/1/div/1/div/3/div/1/div/0/div/1/ul/0/li/1","-","-"
"279","https://www.pucrs.br/","1626721723558","DOMNodeRemoved","-","/html/1/body/2/div/15/section/1/div/1/div/3/div/1/div/0/div/1/ul/0/li/1","-","-"
"279","https://www.pucrs.br/","1626721723558","DOMNodeRemoved","-","/html/1/body/2/div/15/section/1/div/1/div/3/div/1/div/0/div/1/ul/0/li/1","-","-"
"279","https://www.pucrs.br/","1626721723558","DOMNodeInserted","-","/html/1/body/2/div/15/section/1/div/1/div/3/div/1/div/0/div/1/ul/0/div/0/li/0","-","-"
"279","https://www.pucrs.br/","1626721723558","DOMNodeInserted","-","/html/1/body/2/div/15/section/1/div/1/div/3/div/1/div/0/div/1/ul/0/div/0/li/1","-","-"
"279","https://www.pucrs.br/","1626721723558","DOMNodeInserted","-","/html/1/body/2/div/15/section/1/div/1/div/3/div/1/div/0/div/1/ul/0/div/0/li/2","-","-"
"279","https://www.pucrs.br/","1626721723558","DOMNodeInserted","-","/html/1/body/2/div/15/section/1/div/1/div/3/div/1/div/0/div/1/ul/0/div/0","-","-"
"279","https://www.pucrs.br/","1626721723558","DOMNodeRemoved","-","/html/1/body/2/div/15/section/1/div/1/div/3/div/1/div/0/div/1/ul/0/div/1","-","-"
"279","https://www.pucrs.br/","1626721723558","DOMNodeInserted","-","/html/1/body/2/div/15/section/1/div/1/div/3/div/1/div/0/div/1/ul/0/div/0/div/0","-","-"
"279","https://www.pucrs.br/","1626721723559","DOMNodeInserted","-","/html/1/body/2/div/15/section/1/div/1/div/3/div/1/div/0/div/1/ul/0/button/0","-","-"
"279","https://www.pucrs.br/","1626721723559","DOMNodeInserted","-","/html/1/body/2/div/15/section/1/div/1/div/3/div/1/div/0/div/1/ul/0/button/2","-","-"
"279","https://www.pucrs.br/","1626721723559","DOMNodeInserted","-","/html/1/body/2/div/15/section/1/div/1/div/3/div/1/div/0/div/1/ul/0/ul/3","-","-"
"279","https://www.pucrs.br/","1626721723567","DOMNodeInserted","-","/html/1/body/2/div/15/section/1/div/1/div/3/div/1/div/0/div/3/ul/0/div/0","-","-"
"279","https://www.pucrs.br/","1626721723567","DOMNodeRemoved","-","/html/1/body/2/div/15/section/1/div/1/div/3/div/1/div/0/div/3/ul/0/li/1","-","-"
"279","https://www.pucrs.br/","1626721723567","DOMNodeInserted","-","/html/1/body/2/div/15/section/1/div/1/div/3/div/1/div/0/div/3/ul/0/div/0/li/0","-","-"
"279","https://www.pucrs.br/","1626721723568","DOMNodeInserted","-","/html/1/body/2/div/15/section/1/div/1/div/3/div/1/div/0/div/3/ul/0/div/0","-","-"
"279","https://www.pucrs.br/","1626721723568","DOMNodeRemoved","-","/html/1/body/2/div/15/section/1/div/1/div/3/div/1/div/0/div/3/ul/0/div/1","-","-"
"279","https://www.pucrs.br/","1626721723568","DOMNodeInserted","-","/html/1/body/2/div/15/section/1/div/1/div/3/div/1/div/0/div/3/ul/0/div/0/div/0","-","-"
"279","https://www.pucrs.br/","1626721723570","load","-","-","-","-"
"279","https://www.pucrs.br/","1626721723602","scroll","-","-","-","0x1"
"279","https://www.pucrs.br/","1626721723618","scroll","-","-","-","0x13"
"279","https://www.pucrs.br/","1626721723635","scroll","-","-","-","0x19"
"279","https://www.pucrs.br/","1626721723652","scroll","-","-","-","0x38"
"279","https://www.pucrs.br/","1626721723668","scroll","-","-","-","0x53"
"279","https://www.pucrs.br/","1626721723685","scroll","-","-","-","0x85"
"279","https://www.pucrs.br/","1626721723701","scroll","-","-","-","0x102"
"279","https://www.pucrs.br/","1626721723718","DOMNodeInserted","-","/html/1/body/2/section/82","-","-"
"279","https://www.pucrs.br/","1626721723718","DOMNodeRemoved","-","/html/1/body/2/section/82","-","-"
"279","https://www.pucrs.br/","1626721723719","scroll","-","-","-","0x135"
"279","https://www.pucrs.br/","1626721723721","mouseout","-","/html/1/body/2/div/15/section/1/div/1/figure/1/img/0","1",""
"279","https://www.pucrs.br/","1626721723721","mouseleave","-","/html/1/body/2/div/15/section/1/div/1/figure/1/img/0","1","-"
"279","https://www.pucrs.br/","1626721723721","mouseover","-","/html/1/body/2/div/15/section/1/div/1/div/3/div/0/ul/0/li/2","1","-"
"279","https://www.pucrs.br/","1626721723721","mouseenter","-","/html/1/body/2/div/15/section/1/div/1/div/3/div/0/ul/0/li/2","1","-"
"279","https://www.pucrs.br/","1626721723735","scroll","-","-","-","0x146"
"279","https://www.pucrs.br/","1626721723751","scroll","-","-","-","0x163"
"279","https://www.pucrs.br/","1626721723784","scroll","-","-","-","0x179"
"279","https://www.pucrs.br/","1626721723802","scroll","-","-","-","0x199"
"279","https://www.pucrs.br/","1626721723818","scroll","-","-","-","0x222"
"279","https://www.pucrs.br/","1626721723834","scroll","-","-","-","0x245"
"279","https://www.pucrs.br/","1626721723837","DOMNodeInserted","rufous-sandbox","/html/1/body/2/iframe/82","-","-"
"279","https://www.pucrs.br/","1626721723851","scroll","-","-","-","0x268"
"279","https://www.pucrs.br/","1626721723854","mouseout","-","/html/1/body/2/div/15/section/1/div/1/div/3/div/0/ul/0/li/2","1",""
"279","https://www.pucrs.br/","1626721723855","mouseleave","-","/html/1/body/2/div/15/section/1/div/1/div/3/div/0/ul/0/li/2","1","-"
"279","https://www.pucrs.br/","1626721723855","mouseover","-","/html/1/body/2/div/15/section/1/div/1/div/3","1","-"
"279","https://www.pucrs.br/","1626721723855","mouseenter","-","/html/1/body/2/div/15/section/1/div/1/div/3","1","-"
"279","https://www.pucrs.br/","1626721723868","scroll","-","-","-","0x290"
"279","https://www.pucrs.br/","1626721723884","scroll","-","-","-","0x311"
"279","https://www.pucrs.br/","1626721723901","scroll","-","-","-","0x335"
"279","https://www.pucrs.br/","1626721723902","mouseout","-","/html/1/body/2/div/15/section/1/div/1/div/3","1",""
"279","https://www.pucrs.br/","1626721723902","mouseleave","-","/html/1/body/2/div/15/section/1/div/1/div/3","1","-"
"279","https://www.pucrs.br/","1626721723903","mouseover","-","/html/1/body/2/div/15/section/1/div/1/div/3/div/1/div/0/div/1/ul/0/div/1/div/0/li/0/a/0/img/0","1","-"
"279","https://www.pucrs.br/","1626721723903","mouseenter","-","/html/1/body/2/div/15/section/1/div/1/div/3/div/1/div/0/div/1/ul/0/div/1/div/0/li/0/a/0/img/0","1","-"
"279","https://www.pucrs.br/","1626721723917","scroll","-","-","-","0x357"
"279","https://www.pucrs.br/","1626721723934","scroll","-","-","-","0x377"
"279","https://www.pucrs.br/","1626721723951","scroll","-","-","-","0x396"
"279","https://www.pucrs.br/","1626721723968","scroll","-","-","-","0x413"
"279","https://www.pucrs.br/","1626721723984","scroll","-","-","-","0x429"
"279","https://www.pucrs.br/","1626721724002","scroll","-","-","-","0x443"
"279","https://www.pucrs.br/","1626721724017","scroll","-","-","-","0x456"
"279","https://www.pucrs.br/","1626721724035","scroll","-","-","-","0x468"
"279","https://www.pucrs.br/","1626721724052","scroll","-","-","-","0x479"
"279","https://www.pucrs.br/","1626721724068","scroll","-","-","-","0x489"
"279","https://www.pucrs.br/","1626721724084","scroll","-","-","-","0x498"
"279","https://www.pucrs.br/","1626721724101","scroll","-","-","-","0x506"
"279","https://www.pucrs.br/","1626721724118","scroll","-","-","-","0x514"
"279","https://www.pucrs.br/","1626721724134","scroll","-","-","-","0x521"
"279","https://www.pucrs.br/","1626721724151","scroll","-","-","-","0x527"
"279","https://www.pucrs.br/","1626721724168","scroll","-","-","-","0x533"
"279","https://www.pucrs.br/","1626721724184","scroll","-","-","-","0x538"
"279","https://www.pucrs.br/","1626721724201","scroll","-","-","-","0x543"
"279","https://www.pucrs.br/","1626721724218","scroll","-","-","-","0x548"
"279","https://www.pucrs.br/","1626721724234","scroll","-","-","-","0x552"
"279","https://www.pucrs.br/","1626721724251","scroll","-","-","-","0x556"
"279","https://www.pucrs.br/","1626721724268","scroll","-","-","-","0x560"
"279","https://www.pucrs.br/","1626721724285","scroll","-","-","-","0x564"
"279","https://www.pucrs.br/","1626721724301","scroll","-","-","-","0x567"
"279","https://www.pucrs.br/","1626721724318","scroll","-","-","-","0x570"
"279","https://www.pucrs.br/","1626721724335","scroll","-","-","-","0x573"
"279","https://www.pucrs.br/","1626721724351","scroll","-","-","-","0x576"
"279","https://www.pucrs.br/","1626721724368","scroll","-","-","-","0x579"
"279","https://www.pucrs.br/","1626721724385","scroll","-","-","-","0x581"
"279","https://www.pucrs.br/","1626721724401","scroll","-","-","-","0x583"
"279","https://www.pucrs.br/","1626721724418","scroll","-","-","-","0x585"
"279","https://www.pucrs.br/","1626721724435","scroll","-","-","-","0x587"
"279","https://www.pucrs.br/","1626721724451","scroll","-","-","-","0x589"
"279","https://www.pucrs.br/","1626721724484","scroll","-","-","-","0x590"
"279","https://www.pucrs.br/","1626721724497","scroll","-","-","-","0x595"
"279","https://www.pucrs.br/","1626721724506","scroll","-","-","-","0x601"
"279","https://www.pucrs.br/","1626721724518","scroll","-","-","-","0x608"
"279","https://www.pucrs.br/","1626721724534","scroll","-","-","-","0x624"
"279","https://www.pucrs.br/","1626721724551","scroll","-","-","-","0x635"
"279","https://www.pucrs.br/","1626721724568","scroll","-","-","-","0x666"
"279","https://www.pucrs.br/","1626721724585","scroll","-","-","-","0x678"
"279","https://www.pucrs.br/","1626721724602","scroll","-","-","-","0x689"
"279","https://www.pucrs.br/","1626721724626","scroll","-","-","-","0x709"
"279","https://www.pucrs.br/","1626721724651","scroll","-","-","-","0x726"
"279","https://www.pucrs.br/","1626721724668","scroll","-","-","-","0x747"
"279","https://www.pucrs.br/","1626721724684","scroll","-","-","-","0x770"
"279","https://www.pucrs.br/","1626721724701","scroll","-","-","-","0x793"
"279","https://www.pucrs.br/","1626721724718","scroll","-","-","-","0x816"
"279","https://www.pucrs.br/","1626721724735","scroll","-","-","-","0x838"
"279","https://www.pucrs.br/","1626721724751","scroll","-","-","-","0x859"
"279","https://www.pucrs.br/","1626721724768","scroll","-","-","-","0x883"
"279","https://www.pucrs.br/","1626721724784","scroll","-","-","-","0x905"
"279","https://www.pucrs.br/","1626721724802","scroll","-","-","-","0x925"
"279","https://www.pucrs.br/","1626721724819","scroll","-","-","-","0x944"
"279","https://www.pucrs.br/","1626721724834","scroll","-","-","-","0x961"
"279","https://www.pucrs.br/","1626721724852","scroll","-","-","-","0x977"
"279","https://www.pucrs.br/","1626721724869","scroll","-","-","-","0x991"
"279","https://www.pucrs.br/","1626721724884","scroll","-","-","-","0x1004"
"279","https://www.pucrs.br/","1626721724902","scroll","-","-","-","0x1016"
"279","https://www.pucrs.br/","1626721724917","scroll","-","-","-","0x1027"
"279","https://www.pucrs.br/","1626721724919","mouseout","-","/html/1/body/2/div/15/section/1/div/1/div/3/div/1/div/0/div/1/ul/0/div/1/div/0/li/0/a/0/img/0","1",""
"279","https://www.pucrs.br/","1626721724919","mouseleave","-","/html/1/body/2/div/15/section/1/div/1/div/3/div/1/div/0/div/1/ul/0/div/1/div/0/li/0/a/0/img/0","1","-"
"279","https://www.pucrs.br/","1626721724920","mouseover","login1","/html/1/body/2/div/15/section/1/div/1/div/3/div/1/div/0/div/4/div/0/div/1/div/4/iframe/0","1","-"
"279","https://www.pucrs.br/","1626721724920","mouseenter","login1","/html/1/body/2/div/15/section/1/div/1/div/3/div/1/div/0/div/4/div/0/div/1/div/4/iframe/0","1","-"
"279","https://www.pucrs.br/","1626721724935","scroll","-","-","-","0x1037"
"279","https://www.pucrs.br/","1626721724952","scroll","-","-","-","0x1046"
"279","https://www.pucrs.br/","1626721724968","scroll","-","-","-","0x1054"
"279","https://www.pucrs.br/","1626721724985","scroll","-","-","-","0x1062"
"279","https://www.pucrs.br/","1626721725002","scroll","-","-","-","0x1069"
"279","https://www.pucrs.br/","1626721725018","scroll","-","-","-","0x1075"
"279","https://www.pucrs.br/","1626721725035","scroll","-","-","-","0x1081"
"279","https://www.pucrs.br/","1626721725052","scroll","-","-","-","0x1086"
"279","https://www.pucrs.br/","1626721725069","scroll","-","-","-","0x1091"
"279","https://www.pucrs.br/","1626721725086","scroll","-","-","-","0x1096"
"279","https://www.pucrs.br/","1626721725102","scroll","-","-","-","0x1100"
"279","https://www.pucrs.br/","1626721725118","scroll","-","-","-","0x1104"
"279","https://www.pucrs.br/","1626721725135","scroll","-","-","-","0x1108"
"279","https://www.pucrs.br/","1626721725152","scroll","-","-","-","0x1112"
"279","https://www.pucrs.br/","1626721725168","scroll","-","-","-","0x1115"
"279","https://www.pucrs.br/","1626721725185","scroll","-","-","-","0x1118"
"279","https://www.pucrs.br/","1626721725202","scroll","-","-","-","0x1121"
"279","https://www.pucrs.br/","1626721725217","scroll","-","-","-","0x1124"
"279","https://www.pucrs.br/","1626721725235","scroll","-","-","-","0x1127"
"279","https://www.pucrs.br/","1626721725252","scroll","-","-","-","0x1129"
"279","https://www.pucrs.br/","1626721725268","scroll","-","-","-","0x1131"
"279","https://www.pucrs.br/","1626721725318","scroll","-","-","-","0x1142"
"279","https://www.pucrs.br/","1626721725334","scroll","-","-","-","0x1149"
"279","https://www.pucrs.br/","1626721725351","scroll","-","-","-","0x1171"
"279","https://www.pucrs.br/","1626721725367","scroll","-","-","-","0x1181"
"279","https://www.pucrs.br/","1626721725384","scroll","-","-","-","0x1195"
"279","https://www.pucrs.br/","1626721725400","scroll","-","-","-","0x1213"
"279","https://www.pucrs.br/","1626721725417","scroll","-","-","-","0x1227"
"279","https://www.pucrs.br/","1626721725451","scroll","-","-","-","0x1240"
"279","https://www.pucrs.br/","1626721725468","scroll","-","-","-","0x1256"
"279","https://www.pucrs.br/","1626721725484","scroll","-","-","-","0x1274"
"279","https://www.pucrs.br/","1626721725501","scroll","-","-","-","0x1292"
"279","https://www.pucrs.br/","1626721725518","scroll","-","-","-","0x1309"
"279","https://www.pucrs.br/","1626721725535","scroll","-","-","-","0x1326"
"279","https://www.pucrs.br/","1626721725551","scroll","-","-","-","0x1343"
"279","https://www.pucrs.br/","1626721725567","scroll","-","-","-","0x1362"
"279","https://www.pucrs.br/","1626721725585","scroll","-","-","-","0x1379"
"279","https://www.pucrs.br/","1626721725601","scroll","-","-","-","0x1395"
"279","https://www.pucrs.br/","1626721725618","scroll","-","-","-","0x1409"
"279","https://www.pucrs.br/","1626721725634","scroll","-","-","-","0x1422"
"279","https://www.pucrs.br/","1626721725652","scroll","-","-","-","0x1434"
"279","https://www.pucrs.br/","1626721725668","scroll","-","-","-","0x1445"
"279","https://www.pucrs.br/","1626721725685","scroll","-","-","-","0x1455"
"279","https://www.pucrs.br/","1626721725702","scroll","-","-","-","0x1464"
"279","https://www.pucrs.br/","1626721725718","scroll","-","-","-","0x1472"
"279","https://www.pucrs.br/","1626721725738","scroll","-","-","-","0x1480"
"279","https://www.pucrs.br/","1626721725751","scroll","-","-","-","0x1487"
"279","https://www.pucrs.br/","1626721725768","scroll","-","-","-","0x1494"
"279","https://www.pucrs.br/","1626721725785","scroll","-","-","-","0x1500"
"279","https://www.pucrs.br/","1626721725801","scroll","-","-","-","0x1505"
"279","https://www.pucrs.br/","1626721725818","scroll","-","-","-","0x1510"
"279","https://www.pucrs.br/","1626721725880","mouseout","login1","/html/1/body/2/div/15/section/1/div/1/div/3/div/1/div/0/div/4/div/0/div/1/div/4/iframe/0","1",""
"279","https://www.pucrs.br/","1626721725881","mouseleave","login1","/html/1/body/2/div/15/section/1/div/1/div/3/div/1/div/0/div/4/div/0/div/1/div/4/iframe/0","1","-"
"279","https://www.pucrs.br/","1626721725881","mouseover","-","/html/1/body/2/div/15/section/1/div/1/div/3/div/1/div/0/div/7/div/0","1","-"
"279","https://www.pucrs.br/","1626721725882","mouseenter","-","/html/1/body/2/div/15/section/1/div/1/div/3/div/1/div/0/div/7/div/0","1","-"
"279","https://www.pucrs.br/","1626721725883","mousemove","-","/html/1/body/2/div/15/section/1/div/1/div/3/div/1/div/0/div/7/div/0","1","648x1905|648x533"
"279","https://www.pucrs.br/","1626721725891","mousemove","-","/html/1/body/2/div/15/section/1/div/1/div/3/div/1/div/0/div/7/div/0","1","648x1904|648x532"
"279","https://www.pucrs.br/","1626721725902","mousemove","-","/html/1/body/2/div/15/section/1/div/1/div/3/div/1/div/0/div/7/div/0","1","648x1903|648x531"
"279","https://www.pucrs.br/","1626721725917","mousemove","-","/html/1/body/2/div/15/section/1/div/1/div/3/div/1/div/0/div/7/div/0","1","647x1903|647x531"
"279","https://www.pucrs.br/","1626721725934","mousemove","-","/html/1/body/2/div/15/section/1/div/1/div/3/div/1/div/0/div/7/div/0","1","647x1902|647x530"
"279","https://www.pucrs.br/","1626721725950","mousemove","-","/html/1/body/2/div/15/section/1/div/1/div/3/div/1/div/0/div/7/div/0","1","646x1901|646x529"
"279","https://www.pucrs.br/","1626721725967","mousemove","-","/html/1/body/2/div/15/section/1/div/1/div/3/div/1/div/0/div/7/div/0","1","646x1901|646x529"
"279","https://www.pucrs.br/","1626721725984","mousemove","-","/html/1/body/2/div/15/section/1/div/1/div/3/div/1/div/0/div/7/div/0","1","645x1900|645x528"
"279","https://www.pucrs.br/","1626721726001","mousemove","-","/html/1/body/2/div/15/section/1/div/1/div/3/div/1/div/0/div/7/div/0","1","645x1899|645x527"
"279","https://www.pucrs.br/","1626721726017","mousemove","-","/html/1/body/2/div/15/section/1/div/1/div/3/div/1/div/0/div/7/div/0","1","644x1898|644x526"
"279","https://www.pucrs.br/","1626721726035","mousemove","-","/html/1/body/2/div/15/section/1/div/1/div/3/div/1/div/0/div/7/div/0","1","644x1898|644x526"
"279","https://www.pucrs.br/","1626721726050","mousemove","-","/html/1/body/2/div/15/section/1/div/1/div/3/div/1/div/0/div/7/div/0","1","643x1897|643x525"
"279","https://www.pucrs.br/","1626721726067","mousemove","-","/html/1/body/2/div/15/section/1/div/1/div/3/div/1/div/0/div/7/div/0","1","643x1896|643x524"
"279","https://www.pucrs.br/","1626721726084","mousemove","-","/html/1/body/2/div/15/section/1/div/1/div/3/div/1/div/0/div/7/div/0","1","643x1896|643x524"
"279","https://www.pucrs.br/","1626721726101","mousemove","-","/html/1/body/2/div/15/section/1/div/1/div/3/div/1/div/0/div/7/div/0","1","643x1896|643x524"
"279","https://www.pucrs.br/","1626721726128","mousemove","-","/html/1/body/2/div/15/section/1/div/1/div/3/div/1/div/0/div/7/div/0","1","643x1895|643x523"
"279","https://www.pucrs.br/","1626721726195","mousemove","-","/html/1/body/2/div/15/section/1/div/1/div/3/div/1/div/0/div/7/div/0","1","643x1895|643x523"
"279","https://www.pucrs.br/","1626721726217","mousemove","-","/html/1/body/2/div/15/section/1/div/1/div/3/div/1/div/0/div/7/div/0","1","643x1893|643x521"
"279","https://www.pucrs.br/","1626721726234","mousemove","-","/html/1/body/2/div/15/section/1/div/1/div/3/div/1/div/0/div/7/div/0","1","642x1892|642x520"
"279","https://www.pucrs.br/","1626721726251","mousemove","-","/html/1/body/2/div/15/section/1/div/1/div/3/div/1/div/0/div/7/div/0","1","642x1890|642x518"
"279","https://www.pucrs.br/","1626721726267","mousemove","-","/html/1/body/2/div/15/section/1/div/1/div/3/div/1/div/0/div/7/div/0","1","642x1887|642x515"
"279","https://www.pucrs.br/","1626721726284","mousemove","-","/html/1/body/2/div/15/section/1/div/1/div/3/div/1/div/0/div/7/div/0","1","641x1884|641x512"
"279","https://www.pucrs.br/","1626721726301","mousemove","-","/html/1/body/2/div/15/section/1/div/1/div/3/div/1/div/0/div/7/div/0","1","640x1883|640x511"
"279","https://www.pucrs.br/","1626721726318","mousemove","-","/html/1/body/2/div/15/section/1/div/1/div/3/div/1/div/0/div/7/div/0","1","640x1882|640x510"
"279","https://www.pucrs.br/","1626721726334","mousemove","-","/html/1/body/2/div/15/section/1/div/1/div/3/div/1/div/0/div/7/div/0","1","638x1880|638x508"
"279","https://www.pucrs.br/","1626721726350","mousemove","-","/html/1/body/2/div/15/section/1/div/1/div/3/div/1/div/0/div/7/div/0","1","637x1879|637x507"
"279","https://www.pucrs.br/","1626721726367","mousemove","-","/html/1/body/2/div/15/section/1/div/1/div/3/div/1/div/0/div/7/div/0","1","633x1876|633x504"
"279","https://www.pucrs.br/","1626721726384","mouseout","-","/html/1/body/2/div/15/section/1/div/1/div/3/div/1/div/0/div/7/div/0","1",""
"279","https://www.pucrs.br/","1626721726385","mouseleave","-","/html/1/body/2/div/15/section/1/div/1/div/3/div/1/div/0/div/7/div/0","1","-"
"279","https://www.pucrs.br/","1626721726385","mouseover","-","/html/1/body/2/div/15/section/1/div/1/div/3/div/1/div/0/div/7/div/0/a/0/div/1/div/0","1","-"
"279","https://www.pucrs.br/","1626721726385","mouseenter","-","/html/1/body/2/div/15/section/1/div/1/div/3/div/1/div/0/div/7/div/0/a/0/div/1/div/0","1","-"
"279","https://www.pucrs.br/","1626721726386","mousemove","-","/html/1/body/2/div/15/section/1/div/1/div/3/div/1/div/0/div/7/div/0/a/0/div/1/div/0","1","625x1871|625x499"
"279","https://www.pucrs.br/","1626721726401","mousemove","-","/html/1/body/2/div/15/section/1/div/1/div/3/div/1/div/0/div/7/div/0/a/0/div/1/div/0","1","619x1867|619x495"
"279","https://www.pucrs.br/","1626721726418","mousemove","-","/html/1/body/2/div/15/section/1/div/1/div/3/div/1/div/0/div/7/div/0/a/0/div/1/div/0","1","613x1863|613x491"
"279","https://www.pucrs.br/","1626721726434","mousemove","-","/html/1/body/2/div/15/section/1/div/1/div/3/div/1/div/0/div/7/div/0/a/0/div/1/div/0","1","603x1856|603x484"
"279","https://www.pucrs.br/","1626721726450","mousemove","-","/html/1/body/2/div/15/section/1/div/1/div/3/div/1/div/0/div/7/div/0/a/0/div/1/div/0","1","600x1855|600x483"
"279","https://www.pucrs.br/","1626721726467","mousemove","-","/html/1/body/2/div/15/section/1/div/1/div/3/div/1/div/0/div/7/div/0/a/0/div/1/div/0","1","597x1853|597x481"
"279","https://www.pucrs.br/","1626721726484","mousemove","-","/html/1/body/2/div/15/section/1/div/1/div/3/div/1/div/0/div/7/div/0/a/0/div/1/div/0","1","591x1852|591x480"
"279","https://www.pucrs.br/","1626721726501","mousemove","-","/html/1/body/2/div/15/section/1/div/1/div/3/div/1/div/0/div/7/div/0/a/0/div/1/div/0","1","589x1852|589x480"
"279","https://www.pucrs.br/","1626721727116","mousedown","-","/html/1/body/2/div/15/section/1/div/1/div/3/div/1/div/0/div/7/div/0/a/0/div/1/div/0","1","-"
"279","https://www.pucrs.br/","1626721727116","focusin","-","/html/1/body/2/div/15/section/1/div/1/div/3/div/1/div/0/div/7/div/0/a/0","-","-"
"279","https://www.pucrs.br/","1626721727118","mouseup","-","/html/1/body/2/div/15/section/1/div/1/div/3/div/1/div/0/div/7/div/0/a/0/div/1/div/0","1","-"
"279","https://www.pucrs.br/","1626721727120","click","-","/html/1/body/2/div/15/section/1/div/1/div/3/div/1/div/0/div/7/div/0/a/0/div/1/div/0","1","589x1852|589x480"
"279","https://www.pucrs.br/","1626721727123","beforeunload","-","-","-","-"
"1","-","1626721727411","pageview","-","-","-","https://mail.google.com/mail/u/0/#inbox|1440x762"
"1","-","1626721727434","DOMNodeRemoved","-","/html/1/body/1/div/19/div/2/div/0/div/1/div/0/div/1/div/0/div/0/div/0/div/0/div/1/div/0/div/0/div/0/div/0/div/4","-","-"
"1","-","1626721727434","DOMNodeInserted","-","/html/1/body/1/div/19/div/2/div/0/div/1/div/0/div/1/div/0/div/0/div/0/div/0/div/1/div/0/div/0/div/0/div/0/div/4","-","-"
"279","https://www.pucrs.br/","1626721727519","mousemove","-","/html/1/body/2/div/15/section/1/div/1/div/3/div/1/div/0/div/7/div/0/a/0/div/1/div/0","1","596x1850|596x478"
"279","https://www.pucrs.br/","1626721727534","mouseout","-","/html/1/body/2/div/15/section/1/div/1/div/3/div/1/div/0/div/7/div/0/a/0/div/1/div/0","1",""
"279","https://www.pucrs.br/","1626721727534","mouseleave","-","/html/1/body/2/div/15/section/1/div/1/div/3/div/1/div/0/div/7/div/0/a/0/div/1/div/0","1","-"
"279","https://www.pucrs.br/","1626721727534","mouseover","-","/html/1/body/2/div/15/section/1/div/1/div/3/div/1/div/0/div/7/div/0/a/0/div/1","1","-"
"279","https://www.pucrs.br/","1626721727534","mouseenter","-","/html/1/body/2/div/15/section/1/div/1/div/3/div/1/div/0/div/7/div/0/a/0/div/1","1","-"
"279","https://www.pucrs.br/","1626721727534","mousemove","-","/html/1/body/2/div/15/section/1/div/1/div/3/div/1/div/0/div/7/div/0/a/0/div/1","1","616x1839|616x467"
"279","https://www.pucrs.br/","1626721727551","mouseout","-","/html/1/body/2/div/15/section/1/div/1/div/3/div/1/div/0/div/7/div/0/a/0/div/1","1",""
"279","https://www.pucrs.br/","1626721727551","mouseleave","-","/html/1/body/2/div/15/section/1/div/1/div/3/div/1/div/0/div/7/div/0/a/0/div/1","1","-"
"279","https://www.pucrs.br/","1626721727551","mouseover","-","/html/1/body/2/div/15/section/1/div/1/div/3/div/1/div/0/div/7/div/0/a/0/div/0","1","-"
"279","https://www.pucrs.br/","1626721727551","mouseenter","-","/html/1/body/2/div/15/section/1/div/1/div/3/div/1/div/0/div/7/div/0/a/0/div/0","1","-"
"279","https://www.pucrs.br/","1626721727551","mousemove","-","/html/1/body/2/div/15/section/1/div/1/div/3/div/1/div/0/div/7/div/0/a/0/div/0","1","648x1823|648x451"
"279","https://www.pucrs.br/","1626721727567","mousemove","-","/html/1/body/2/div/15/section/1/div/1/div/3/div/1/div/0/div/7/div/0/a/0/div/0","1","699x1798|699x426"
"279","https://www.pucrs.br/","1626721727584","mouseout","-","/html/1/body/2/div/15/section/1/div/1/div/3/div/1/div/0/div/7/div/0/a/0/div/0","1",""
"279","https://www.pucrs.br/","1626721727584","mouseleave","-","/html/1/body/2/div/15/section/1/div/1/div/3/div/1/div/0/div/7/div/0/a/0/div/0","1","-"
"279","https://www.pucrs.br/","1626721727584","mouseover","-","/html/1/body/2/div/15/section/1/div/1/div/3/div/1/div/0/div/8/div/0","1","-"
"279","https://www.pucrs.br/","1626721727584","mouseenter","-","/html/1/body/2/div/15/section/1/div/1/div/3/div/1/div/0/div/8/div/0","1","-"
"279","https://www.pucrs.br/","1626721727584","mousemove","-","/html/1/body/2/div/15/section/1/div/1/div/3/div/1/div/0/div/8/div/0","1","795x1750|795x378"
"279","https://www.pucrs.br/","1626721727601","mouseout","-","/html/1/body/2/div/15/section/1/div/1/div/3/div/1/div/0/div/8/div/0","1",""
"279","https://www.pucrs.br/","1626721727601","mouseleave","-","/html/1/body/2/div/15/section/1/div/1/div/3/div/1/div/0/div/8/div/0","1","-"
"279","https://www.pucrs.br/","1626721727601","mouseover","-","/html/1/body/2/div/15/section/1/div/1/div/3/div/1/div/0/div/4/div/1/p/1","1","-"
"279","https://www.pucrs.br/","1626721727601","mouseenter","-","/html/1/body/2/div/15/section/1/div/1/div/3/div/1/div/0/div/4/div/1/p/1","1","-"
"279","https://www.pucrs.br/","1626721727601","mousemove","-","/html/1/body/2/div/15/section/1/div/1/div/3/div/1/div/0/div/4/div/1/p/1","1","902x1696|902x324"
"279","https://www.pucrs.br/","1626721727616","mousemove","-","/html/1/body/2/div/15/section/1/div/1/div/3/div/1/div/0/div/4/div/1/p/1","1","972x1660|972x288"
"279","https://www.pucrs.br/","1626721727634","mouseout","-","/html/1/body/2/div/15/section/1/div/1/div/3/div/1/div/0/div/4/div/1/p/1","1",""
"279","https://www.pucrs.br/","1626721727634","mouseleave","-","/html/1/body/2/div/15/section/1/div/1/div/3/div/1/div/0/div/4/div/1/p/1","1","-"
"279","https://www.pucrs.br/","1626721727634","mouseover","-","/html/1/body/2/div/15/section/1/div/1/div/3/div/1/div/0/div/4/div/1/p/1/a/0/img/0","1","-"
"279","https://www.pucrs.br/","1626721727634","mouseenter","-","/html/1/body/2/div/15/section/1/div/1/div/3/div/1/div/0/div/4/div/1/p/1/a/0/img/0","1","-"
"279","https://www.pucrs.br/","1626721727635","mousemove","-","/html/1/body/2/div/15/section/1/div/1/div/3/div/1/div/0/div/4/div/1/p/1/a/0/img/0","1","1093x1598|1093x226"
"279","https://www.pucrs.br/","1626721727651","mouseout","-","/html/1/body/2/div/15/section/1/div/1/div/3/div/1/div/0/div/4/div/1/p/1/a/0/img/0","1",""
"279","https://www.pucrs.br/","1626721727651","mouseleave","-","/html/1/body/2/div/15/section/1/div/1/div/3/div/1/div/0/div/4/div/1/p/1/a/0/img/0","1","-"
"279","https://www.pucrs.br/","1626721727652","mouseover","-","/html/1/body/2/section/11/div/1","1","-"
"279","https://www.pucrs.br/","1626721727652","mouseenter","-","/html/1/body/2/section/11/div/1","1","-"
"279","https://www.pucrs.br/","1626721727652","mousemove","-","/html/1/body/2/section/11/div/1","1","1147x1573|1147x201"
"279","https://www.pucrs.br/","1626721727667","mouseout","-","/html/1/body/2/section/11/div/1","1",""
"279","https://www.pucrs.br/","1626721727668","mouseleave","-","/html/1/body/2/section/11/div/1","1","-"
"279","https://www.pucrs.br/","1626721727668","mouseover","-","/html/1/body/2/section/11/div/1/div/7","1","-"
"279","https://www.pucrs.br/","1626721727668","mouseenter","-","/html/1/body/2/section/11/div/1/div/7","1","-"
"279","https://www.pucrs.br/","1626721727668","mousemove","-","/html/1/body/2/section/11/div/1/div/7","1","1207x1544|1207x172"
"279","https://www.pucrs.br/","1626721727684","mousemove","-","/html/1/body/2/section/11/div/1/div/7","1","1221x1537|1221x165"
"279","https://www.pucrs.br/","1626721727701","mouseout","-","/html/1/body/2/section/11/div/1/div/7","1",""
"279","https://www.pucrs.br/","1626721727701","mouseleave","-","/html/1/body/2/section/11/div/1/div/7","1","-"
"279","https://www.pucrs.br/","1626721727701","mouseover","-","/html/1/body/2/section/11/div/1","1","-"
"279","https://www.pucrs.br/","1626721727701","mouseenter","-","/html/1/body/2/section/11/div/1","1","-"
"279","https://www.pucrs.br/","1626721727701","mousemove","-","/html/1/body/2/section/11/div/1","1","1257x1518|1257x146"
"279","https://www.pucrs.br/","1626721727713","mouseout","-","/html/1/body/2/section/11/div/1","1","leftWindow"
"279","https://www.pucrs.br/","1626721727714","mouseleave","-","/html/1/body/2/section/11/div/1","1","-"
"1","-","1626721728083","DOMNodeRemoved","-","/html/1/head/0/title/6","-","-"
"1","-","1626721728083","DOMNodeInserted","-","/html/1/head/0/title/6","-","-"
"279","https://www.pucrs.br/","1626721728134","focusout","-","/html/1/body/2/div/15/section/1/div/1/div/3/div/1/div/0/div/7/div/0/a/0","-","-"
"279","https://www.pucrs.br/","1626721728134","unload","-","-","-","-"
"279","-","1626721728545","pageview","-","-","-","https://outlook.office.com/mail/|1440x762"
"0","-","1626721728552","pageview","-","-","-","moz-extension://994fd01d-ac51-bf4b-b365-2805a0e65911/popup/loggerPopup.html|216x221"
"279","-","1626721728549","focusout","-","-","-","-"
"279","-","1626721728550","blur","-","-","-","-"
"279","-","1626721728550","focusout","-","-","-","-"
"0","-","1626721728632","focusin","-","-","-","-"
"0","-","1626721728637","focus","-","-","-","-"
"0","-","1626721728637","focusin","-","-","-","-"
"279","-","1626721728680","DOMNodeInserted","-","/html/1/head/0/style/0","-","-"
"279","-","1626721728703","DOMNodeInserted","-","/html/1/head/0/style/98","-","-"
"279","-","1626721728703","DOMNodeInserted","-","/html/1/head/0/style/98","-","-"
"279","-","1626721728704","DOMNodeInserted","-","/html/1/head/0/style/99","-","-"
"279","-","1626721728705","DOMNodeInserted","-","/html/1/head/0/style/99","-","-"
"279","-","1626721728707","DOMNodeInserted","-","/html/1/head/0/style/100","-","-"
"279","-","1626721728707","DOMNodeInserted","-","/html/1/head/0/style/100","-","-"
"279","-","1626721728709","DOMNodeInserted","-","/html/1/head/0/style/101","-","-"
"279","-","1626721728709","DOMNodeInserted","-","/html/1/head/0/style/101","-","-"
"279","-","1626721728777","DOMNodeInserted","-","/html/1/head/0/script/102","-","-"
"279","-","1626721728777","DOMNodeInserted","-","/html/1/head/0/script/103","-","-"
"279","-","1626721728781","DOMNodeInserted","-","/html/1/head/0/script/104","-","-"
"0","-","1626721728825","mouseover","-","/html/1","1","-"
"0","-","1626721728825","mouseenter","-","/html/1","1","-"
"0","-","1626721728835","mousemove","-","/html/1","1","176x6|1355x111"
"0","-","1626721728851","mouseout","-","/html/1","1",""
"0","-","1626721728852","mouseleave","-","/html/1","1","-"
"0","-","1626721728852","mouseover","-","/html/1/body/2/div/1/div/1","1","-"
"0","-","1626721728852","mouseenter","-","/html/1/body/2/div/1/div/1","1","-"
"0","-","1626721728853","mousemove","-","/html/1/body/2/div/1/div/1","1","169x11|1348x116"
"0","-","1626721728868","mouseout","-","/html/1/body/2/div/1/div/1","1",""
"0","-","1626721728868","mouseleave","-","/html/1/body/2/div/1/div/1","1","-"
"0","-","1626721728868","mouseover","pause","/html/1/body/2/div/1/div/5","1","-"
"0","-","1626721728868","mouseenter","pause","/html/1/body/2/div/1/div/5","1","-"
"0","-","1626721728869","mousemove","pause","/html/1/body/2/div/1/div/5","1","166x13|1345x118"
"0","-","1626721728884","mousemove","pause","/html/1/body/2/div/1/div/5","1","159x18|1338x123"
"0","-","1626721728901","mousemove","pause","/html/1/body/2/div/1/div/5","1","156x20|1335x125"
"0","-","1626721728918","mousemove","pause","/html/1/body/2/div/1/div/5","1","149x24|1328x129"
"279","-","1626721728940","DOMNodeRemoved","-","/html/1/head/0/title/42","-","-"
"279","-","1626721728940","DOMNodeInserted","-","/html/1/head/0/title/42","-","-"
"279","-","1626721728947","load","-","-","-","-"
"0","-","1626721728951","mousemove","pause","/html/1/body/2/div/1/div/5","1","145x25|1324x130"
"0","-","1626721728968","mousemove","pause","/html/1/body/2/div/1/div/5","1","140x26|1319x131"
"0","-","1626721728984","mousemove","pause","/html/1/body/2/div/1/div/5","1","135x27|1314x132"
"0","-","1626721729001","mousemove","pause","/html/1/body/2/div/1/div/5","1","132x28|1311x133"
"0","-","1626721729018","mousemove","pause","/html/1/body/2/div/1/div/5","1","127x28|1306x133"
"0","-","1626721729034","mousemove","pause","/html/1/body/2/div/1/div/5","1","123x28|1302x133"
"0","-","1626721729052","mousemove","pause","/html/1/body/2/div/1/div/5","1","119x28|1298x133"
"0","-","1626721729068","mousemove","pause","/html/1/body/2/div/1/div/5","1","109x28|1288x133"
"0","-","1626721729085","mousemove","pause","/html/1/body/2/div/1/div/5","1","98x29|1277x134"
"0","-","1626721729101","mousemove","pause","/html/1/body/2/div/1/div/5","1","96x29|1275x134"
"0","-","1626721729118","mousemove","pause","/html/1/body/2/div/1/div/5","1","87x30|1266x135"
"0","-","1626721729134","mousemove","pause","/html/1/body/2/div/1/div/5","1","83x30|1262x135"
"0","-","1626721729151","mousemove","pause","/html/1/body/2/div/1/div/5","1","78x32|1257x137"
"0","-","1626721729168","mousemove","pause","/html/1/body/2/div/1/div/5","1","76x32|1255x137"
"0","-","1626721729184","mousemove","pause","/html/1/body/2/div/1/div/5","1","71x33|1250x138"
"0","-","1626721729201","mousemove","pause","/html/1/body/2/div/1/div/5","1","69x34|1248x139"
"0","-","1626721729217","mousemove","pause","/html/1/body/2/div/1/div/5","1","67x35|1246x140"
"0","-","1626721729597","mousedown","pause","/html/1/body/2/div/1/div/5","1","-"
"0","-","1626721729604","mouseup","pause","/html/1/body/2/div/1/div/5","1","-"
"0","-","1626721729606","click","pause","/html/1/body/2/div/1/div/5","1","67x35|1246x140"]]